{
  "id": "3528225",
  "name": "好客租房",
  "font_family": "iconfont",
  "css_prefix_text": "icon-",
  "description": "",
  "glyphs": [
    {
      "icon_id": "5187393",
      "name": "床",
      "font_class": "chuang",
      "unicode": "e608",
      "unicode_decimal": 58888
    },
    {
      "icon_id": "201559",
      "name": "火热",
      "font_class": "huore",
      "unicode": "e600",
      "unicode_decimal": 58880
    },
    {
      "icon_id": "259470",
      "name": "大小家电",
      "font_class": "daxiaojiadian",
      "unicode": "e607",
      "unicode_decimal": 58887
    },
    {
      "icon_id": "579589",
      "name": "wifi",
      "font_class": "wifi",
      "unicode": "e783",
      "unicode_decimal": 59267
    },
    {
      "icon_id": "1264641",
      "name": "好房拓 4.0.0 iconfont 2_热水器",
      "font_class": "haofangtuo400iconfont2reshuiqi",
      "unicode": "e6fc",
      "unicode_decimal": 59132
    },
    {
      "icon_id": "2273354",
      "name": "沙发",
      "font_class": "shafa",
      "unicode": "e686",
      "unicode_decimal": 59014
    },
    {
      "icon_id": "5444799",
      "name": "日常家电—空调",
      "font_class": "richangjiadiankongtiao",
      "unicode": "e6ab",
      "unicode_decimal": 59051
    },
    {
      "icon_id": "5643631",
      "name": "衣柜",
      "font_class": "yigui",
      "unicode": "e60a",
      "unicode_decimal": 58890
    },
    {
      "icon_id": "5961301",
      "name": "冰箱",
      "font_class": "bingxiang",
      "unicode": "ec4f",
      "unicode_decimal": 60495
    },
    {
      "icon_id": "5982856",
      "name": "洗衣机",
      "font_class": "xiyiji",
      "unicode": "ec78",
      "unicode_decimal": 60536
    }
  ]
}
